SET NAMES utf8mb4;

INSERT IGNORE INTO ingredient (id, name, category, unit, calories_per_100g, protein_per_100g, fat_per_100g, carbs_per_100g, aliases) VALUES
(37, '鸡腿肉', '肉蛋奶', 'g', 181, 19.00, 11.00, 0.00, '去皮鸡腿肉'),
(38, '猪里脊', '肉蛋奶', 'g', 155, 20.20, 7.90, 0.70, '里脊肉'),
(39, '巴沙鱼', '肉蛋奶', 'g', 90, 18.00, 2.00, 0.00, '鱼柳'),
(40, '牛奶', '肉蛋奶', 'ml', 54, 3.40, 3.20, 5.00, '纯牛奶'),
(41, '无糖酸奶', '肉蛋奶', 'g', 72, 4.00, 3.00, 7.00, '酸奶'),
(42, '毛豆', '其他', 'g', 131, 13.10, 5.00, 10.50, '青豆'),
(43, '菠菜', '蔬菜', 'g', 23, 2.90, 0.40, 3.60, ''),
(44, '白菜', '蔬菜', 'g', 20, 1.50, 0.20, 3.20, '大白菜'),
(45, '洋葱', '蔬菜', 'g', 40, 1.10, 0.10, 9.30, ''),
(46, '彩椒', '蔬菜', 'g', 31, 1.00, 0.30, 6.00, '甜椒'),
(47, '南瓜', '其他', 'g', 23, 0.70, 0.10, 5.30, ''),
(48, '菌菇', '蔬菜', 'g', 28, 2.50, 0.30, 5.00, '蘑菇,蟹味菇'),
(49, '冬瓜', '蔬菜', 'g', 12, 0.40, 0.20, 2.60, ''),
(50, '西葫芦', '蔬菜', 'g', 19, 1.20, 0.20, 3.10, ''),
(51, '红薯', '主食', 'g', 86, 1.60, 0.10, 20.10, '地瓜'),
(52, '荞麦面', '主食', 'g', 99, 5.10, 0.70, 21.00, '荞麦挂面'),
(53, '杂粮饭', '主食', 'g', 118, 3.00, 0.80, 24.00, '杂粮米饭'),
(54, '玉米面', '主食', 'g', 340, 8.10, 3.30, 73.00, ''),
(55, '紫薯', '主食', 'g', 82, 1.90, 0.20, 18.40, ''),
(56, '姜', '调料', 'g', 80, 1.80, 0.80, 18.00, ''),
(57, '蒜', '调料', 'g', 149, 6.40, 0.50, 33.10, '大蒜'),
(58, '料酒', '调料', 'ml', 66, 1.00, 0.00, 4.00, ''),
(59, '醋', '调料', 'ml', 21, 0.00, 0.00, 3.00, ''),
(60, '番茄酱', '调料', 'g', 112, 1.70, 0.20, 25.80, ''),
(61, '孜然粉', '调料', 'g', 375, 17.80, 22.30, 44.20, '孜然');

DELETE FROM recipe_ingredient WHERE recipe_id BETWEEN 19 AND 45;
DELETE FROM recipe WHERE id BETWEEN 19 AND 45;

INSERT INTO recipe (id, name, description, image_url, cooking_time_minutes, difficulty, servings, calories, protein, fat, carbs, taste_tags, health_tags, target_goals, steps, is_active, popularity_score) VALUES
(19, '冬瓜虾仁汤', '冬瓜和虾仁煮成清淡汤品，热量低且适合晚餐。', '/images/recipes/shrimp-tofu-soup.jpg', 18, 'EASY', 1, 260, 24.00, 5.00, 24.00, '清淡,汤类', '低卡,高蛋白,少油', 'FAT_LOSS,BALANCED', '["冬瓜去皮切片，虾仁洗净。","锅中加水煮开后放入冬瓜。","冬瓜变软后加入虾仁煮至变色。","用盐、姜和葱调味后出锅。"]', 1, 2),
(20, '菠菜鸡蛋豆腐汤', '菠菜、鸡蛋和豆腐搭配，清淡快手又有蛋白质。', '/images/recipes/egg-tofu-custard.jpg', 15, 'EASY', 1, 290, 23.00, 14.00, 16.00, '清淡,快手', '低卡,高蛋白,易做', 'FAT_LOSS,BALANCED', '["菠菜洗净切段，豆腐切块。","锅中加水煮开后放入豆腐。","加入菠菜煮软。","倒入蛋液形成蛋花并调味。"]', 1, 2),
(21, '巴沙鱼西兰花轻食盘', '巴沙鱼和西兰花组成低脂轻食盘，适合控制热量。', '/images/recipes/cod-asparagus.jpg', 22, 'EASY', 1, 380, 34.00, 8.00, 38.00, '清淡,轻食', '低脂,高蛋白,低卡', 'FAT_LOSS', '["巴沙鱼用柠檬汁、盐和黑胡椒腌制。","西兰花焯水备用。","平底锅少油煎熟巴沙鱼。","搭配米饭和西兰花装盘。"]', 1, 2),
(22, '鸡腿肉南瓜沙拉', '去皮鸡腿肉搭配南瓜和生菜，兼顾饱腹与清爽。', '/images/recipes/chicken-avocado-wrap.jpg', 25, 'EASY', 1, 430, 31.00, 14.00, 45.00, '清爽,轻食', '高蛋白,饱腹,适中热量', 'FAT_LOSS,BALANCED', '["鸡腿肉去皮切块并煎熟。","南瓜蒸熟切块。","生菜洗净沥干。","全部混合后加少量醋和黑胡椒。"]', 1, 2),
(23, '番茄豆腐菌菇汤', '番茄、豆腐和菌菇煮汤，酸甜清淡，适合轻食。', '/images/recipes/shrimp-tofu-soup.jpg', 18, 'EASY', 1, 310, 20.00, 12.00, 28.00, '清淡,汤类', '低卡,均衡,素食', 'FAT_LOSS,BALANCED', '["番茄切块，豆腐切块，菌菇洗净。","番茄先煮出汤汁。","加入豆腐和菌菇煮熟。","用盐和葱调味。"]', 1, 2),
(24, '西葫芦鸡胸肉炒蛋', '西葫芦、鸡胸肉和鸡蛋快炒，蛋白质充足且少油。', '/images/recipes/chicken-tofu-protein.jpg', 18, 'EASY', 1, 390, 36.00, 15.00, 24.00, '家常,快手', '低脂,高蛋白,低卡', 'FAT_LOSS,MUSCLE_GAIN', '["鸡胸肉切片腌制。","西葫芦切片，鸡蛋打散。","先炒鸡蛋后盛出。","鸡胸肉和西葫芦炒熟后加入鸡蛋调味。"]', 1, 2),
(25, '紫薯酸奶轻食碗', '紫薯和无糖酸奶搭配，适合作为轻量早餐。', '/images/recipes/default-recipe.svg', 12, 'EASY', 1, 340, 13.00, 6.00, 60.00, '清爽,早餐', '饱腹,低脂,快手', 'FAT_LOSS,BALANCED', '["紫薯蒸熟切块。","碗中加入无糖酸奶。","放入紫薯和少量玉米粒。","按口味加入少量燕麦增加饱腹感。"]', 1, 2),
(26, '黄瓜虾仁鸡蛋杯', '黄瓜、虾仁和鸡蛋做成快手轻食杯。', '/images/recipes/tuna-lettuce-salad.jpg', 12, 'EASY', 1, 320, 29.00, 14.00, 18.00, '清爽,快手', '低卡,高蛋白,少油', 'FAT_LOSS', '["虾仁煮熟，鸡蛋煮熟切块。","黄瓜切丁。","将虾仁、鸡蛋和黄瓜放入碗中。","加入少量柠檬汁和黑胡椒拌匀。"]', 1, 2),
(27, '白菜豆腐鸡肉汤', '白菜、豆腐和鸡胸肉煮汤，清淡又有饱腹感。', '/images/recipes/shrimp-tofu-soup.jpg', 22, 'EASY', 1, 360, 34.00, 11.00, 24.00, '清淡,汤类', '低脂,高蛋白,饱腹', 'FAT_LOSS,BALANCED', '["白菜洗净切段，豆腐切块。","鸡胸肉切片并焯水。","锅中加水煮白菜和豆腐。","加入鸡胸肉煮熟并调味。"]', 1, 2),
(28, '洋葱彩椒牛肉饭', '洋葱和彩椒搭配牛肉和米饭，适合日常均衡午餐。', '/images/recipes/blackpepper-beef-brownrice.jpg', 25, 'EASY', 1, 620, 36.00, 20.00, 72.00, '家常,下饭', '均衡,高蛋白', 'BALANCED,MUSCLE_GAIN', '["牛肉切片用生抽和黑胡椒腌制。","洋葱和彩椒切条。","牛肉炒熟后加入蔬菜翻炒。","搭配米饭装盘。"]', 1, 2),
(29, '香菇鸡腿肉杂粮饭', '鸡腿肉、香菇和杂粮饭组合，适合健康便当。', '/images/recipes/mushroom-tofu-rice.jpg', 30, 'MEDIUM', 1, 610, 34.00, 18.00, 76.00, '家常,便当', '均衡,饱腹,高蛋白', 'BALANCED', '["鸡腿肉去皮切块腌制。","香菇切片。","鸡腿肉煎熟后加入香菇翻炒。","搭配杂粮饭装入餐盒。"]', 1, 2),
(30, '番茄牛肉荞麦面', '番茄牛肉汤底搭配荞麦面，酸甜开胃。', '/images/recipes/seaweed-egg-noodle.jpg', 25, 'EASY', 1, 560, 32.00, 16.00, 72.00, '汤面,家常', '均衡,高蛋白', 'BALANCED', '["番茄切块煮出汤汁。","牛肉片快速焯熟。","荞麦面煮熟放入碗中。","倒入番茄汤和牛肉片调味。"]', 1, 2),
(31, '南瓜鸡蛋杂粮粥', '南瓜、鸡蛋和杂粮饭煮成温和饱腹粥。', '/images/recipes/tomato-egg-oatmeal.jpg', 20, 'EASY', 1, 420, 19.00, 10.00, 66.00, '清淡,早餐', '均衡,饱腹,易做', 'BALANCED,FAT_LOSS', '["南瓜切块蒸软。","杂粮饭加水煮开。","加入南瓜压散。","倒入蛋液搅成蛋花并调味。"]', 1, 2),
(32, '西红柿豆腐炖牛肉', '番茄、豆腐和牛肉炖煮，营养均衡。', '/images/recipes/beef-potato-carrot.jpg', 35, 'MEDIUM', 2, 640, 40.00, 24.00, 58.00, '家常,炖菜', '均衡,高蛋白', 'BALANCED,MUSCLE_GAIN', '["牛肉切块焯水。","番茄炒出汤汁。","加入牛肉炖煮至变软。","放入豆腐继续炖熟。"]', 1, 2),
(33, '白菜猪里脊炒饭', '白菜和猪里脊搭配米饭，做法快且适合作为一餐。', '/images/recipes/mushroom-tofu-rice.jpg', 20, 'EASY', 1, 590, 30.00, 18.00, 76.00, '家常,快手', '均衡,饱腹', 'BALANCED', '["猪里脊切丝腌制。","白菜切碎。","先炒猪里脊至变色。","加入白菜和米饭翻炒调味。"]', 1, 2),
(34, '菌菇青菜鸡蛋面', '菌菇、青菜和鸡蛋搭配面条，快手均衡。', '/images/recipes/seaweed-egg-noodle.jpg', 15, 'EASY', 1, 520, 24.00, 15.00, 72.00, '汤面,快手', '均衡,易做', 'BALANCED', '["面条煮熟。","菌菇和青菜煮软。","打入鸡蛋形成蛋花。","加入面条并调味。"]', 1, 2),
(35, '彩椒豆腐鸡肉盖饭', '彩椒、豆腐和鸡肉搭配米饭，颜色丰富且营养均衡。', '/images/recipes/chicken-tofu-protein.jpg', 25, 'EASY', 1, 600, 38.00, 18.00, 70.00, '家常,盖饭', '均衡,高蛋白', 'BALANCED,MUSCLE_GAIN', '["鸡胸肉切丁腌制。","豆腐和彩椒切块。","鸡肉和豆腐煎香。","加入彩椒翻炒后盖在米饭上。"]', 1, 2),
(36, '玉米鸡蛋牛奶粥', '玉米、鸡蛋和牛奶煮成快手早餐粥。', '/images/recipes/tomato-egg-oatmeal.jpg', 15, 'EASY', 1, 450, 21.00, 14.00, 62.00, '早餐,清淡', '均衡,快手,饱腹', 'BALANCED', '["玉米粒煮熟。","牛奶小火加热。","加入玉米和燕麦煮软。","倒入蛋液搅拌至熟。"]', 1, 2),
(37, '孜然牛肉红薯碗', '牛肉和红薯组合，适合训练后补充蛋白和碳水。', '/images/recipes/beef-egg-quinoa.jpg', 30, 'MEDIUM', 1, 720, 44.00, 22.00, 86.00, '训练后,碗餐', '高蛋白,增肌,饱腹', 'MUSCLE_GAIN', '["红薯蒸熟切块。","牛肉切片用孜然粉和生抽腌制。","牛肉煎熟。","搭配红薯和蔬菜装碗。"]', 1, 2),
(38, '鸡腿排杂粮饭', '去皮鸡腿排搭配杂粮饭，适合增肌便当。', '/images/recipes/chicken-broccoli-bowl.jpg', 30, 'MEDIUM', 1, 700, 42.00, 24.00, 78.00, '便当,家常', '高蛋白,增肌,饱腹', 'MUSCLE_GAIN,BALANCED', '["鸡腿肉去皮拍平腌制。","杂粮饭提前煮熟。","鸡腿排煎熟切块。","搭配西兰花和杂粮饭装盘。"]', 1, 2),
(39, '虾仁牛油果荞麦面', '虾仁、牛油果和荞麦面组合，适合训练后轻负担补给。', '/images/recipes/shrimp-egg-pasta.jpg', 22, 'EASY', 1, 650, 38.00, 22.00, 76.00, '训练后,清爽', '高蛋白,增肌,均衡', 'MUSCLE_GAIN,BALANCED', '["荞麦面煮熟过凉。","虾仁煮熟。","牛油果切片。","将荞麦面、虾仁和牛油果拌匀调味。"]', 1, 2),
(40, '猪里脊鸡蛋蛋白餐', '猪里脊和鸡蛋组成高蛋白餐，适合增肌期。', '/images/recipes/chicken-tofu-protein.jpg', 25, 'EASY', 1, 640, 48.00, 24.00, 52.00, '蛋白餐,家常', '高蛋白,增肌', 'MUSCLE_GAIN', '["猪里脊切片腌制。","鸡蛋煮熟或煎熟。","猪里脊煎熟。","搭配米饭和青菜装盘。"]', 1, 2),
(41, '牛肉毛豆藜麦饭', '牛肉、毛豆和藜麦提供蛋白质与优质碳水。', '/images/recipes/beef-egg-quinoa.jpg', 30, 'MEDIUM', 1, 760, 50.00, 24.00, 82.00, '训练后,碗餐', '高蛋白,增肌,均衡', 'MUSCLE_GAIN', '["藜麦煮熟。","毛豆煮熟备用。","牛肉切片煎熟。","全部放入碗中并调味。"]', 1, 2),
(42, '鸡胸肉酸奶全麦卷', '鸡胸肉搭配无糖酸奶和全麦饼，便携高蛋白。', '/images/recipes/chicken-avocado-wrap.jpg', 18, 'EASY', 1, 620, 44.00, 16.00, 72.00, '便携,西式', '高蛋白,增肌,快手', 'MUSCLE_GAIN,FAT_LOSS', '["鸡胸肉煎熟切条。","无糖酸奶加少量黑胡椒调成酱。","全麦饼加热。","放入鸡胸肉、生菜和酸奶酱后卷起。"]', 1, 2),
(43, '巴沙鱼红薯训练餐', '巴沙鱼和红薯搭配，脂肪较低且适合训练餐。', '/images/recipes/cod-asparagus.jpg', 25, 'EASY', 1, 610, 42.00, 10.00, 86.00, '训练后,轻食', '高蛋白,低脂,增肌', 'MUSCLE_GAIN,FAT_LOSS', '["红薯蒸熟切块。","巴沙鱼用盐和黑胡椒腌制。","巴沙鱼煎熟。","搭配西兰花和红薯装盘。"]', 1, 2),
(44, '双蛋牛肉杂粮饭', '牛肉和双蛋搭配杂粮饭，蛋白质充足。', '/images/recipes/beef-egg-quinoa.jpg', 25, 'EASY', 1, 780, 52.00, 28.00, 82.00, '训练后,便当', '高蛋白,增肌,饱腹', 'MUSCLE_GAIN', '["杂粮饭加热。","牛肉切片煎熟。","两个鸡蛋煎熟。","将牛肉、鸡蛋和杂粮饭装盘。"]', 1, 2),
(45, '虾仁豆腐高蛋白盖饭', '虾仁和豆腐搭配米饭，口味清淡且蛋白质充足。', '/images/recipes/shrimp-tofu-soup.jpg', 20, 'EASY', 1, 620, 44.00, 18.00, 72.00, '盖饭,清淡', '高蛋白,增肌,均衡', 'MUSCLE_GAIN,BALANCED', '["虾仁炒至变色。","豆腐切块煎香。","加入少量生抽调味。","盖在米饭上并撒葱花。"]', 1, 2);

INSERT INTO recipe_ingredient (recipe_id, ingredient_id, quantity, unit, is_core) VALUES
(19, 49, 220, 'g', 1),
(19, 4, 120, 'g', 1),
(19, 56, 3, 'g', 0),
(19, 30, 5, 'g', 0),
(20, 43, 120, 'g', 1),
(20, 2, 1, '个', 1),
(20, 8, 160, 'g', 1),
(20, 26, 1, 'g', 0),
(21, 39, 180, 'g', 1),
(21, 9, 150, 'g', 1),
(21, 17, 120, 'g', 1),
(21, 29, 0.50, '个', 0),
(22, 37, 160, 'g', 1),
(22, 47, 160, 'g', 1),
(22, 11, 100, 'g', 1),
(22, 59, 5, 'ml', 0),
(23, 10, 180, 'g', 1),
(23, 8, 160, 'g', 1),
(23, 48, 120, 'g', 1),
(23, 30, 5, 'g', 0),
(24, 50, 180, 'g', 1),
(24, 1, 150, 'g', 1),
(24, 2, 1, '个', 1),
(24, 27, 6, 'ml', 0),
(25, 55, 180, 'g', 1),
(25, 41, 160, 'g', 1),
(25, 20, 25, 'g', 0),
(25, 31, 40, 'g', 0),
(26, 16, 160, 'g', 1),
(26, 4, 120, 'g', 1),
(26, 2, 1, '个', 1),
(26, 29, 0.50, '个', 0),
(27, 44, 180, 'g', 1),
(27, 8, 150, 'g', 1),
(27, 1, 120, 'g', 1),
(27, 56, 3, 'g', 0),
(28, 45, 100, 'g', 1),
(28, 46, 120, 'g', 1),
(28, 3, 180, 'g', 1),
(28, 17, 180, 'g', 1),
(29, 37, 170, 'g', 1),
(29, 14, 100, 'g', 1),
(29, 53, 180, 'g', 1),
(29, 27, 8, 'ml', 0),
(30, 10, 180, 'g', 1),
(30, 3, 150, 'g', 1),
(30, 52, 120, 'g', 1),
(30, 30, 5, 'g', 0),
(31, 47, 180, 'g', 1),
(31, 2, 1, '个', 1),
(31, 53, 160, 'g', 1),
(31, 26, 1, 'g', 0),
(32, 10, 180, 'g', 1),
(32, 8, 160, 'g', 1),
(32, 3, 180, 'g', 1),
(32, 27, 8, 'ml', 0),
(33, 44, 150, 'g', 1),
(33, 38, 150, 'g', 1),
(33, 17, 180, 'g', 1),
(33, 57, 3, 'g', 0),
(34, 48, 120, 'g', 1),
(34, 12, 120, 'g', 1),
(34, 2, 1, '个', 1),
(34, 21, 110, 'g', 1),
(35, 46, 120, 'g', 1),
(35, 8, 150, 'g', 1),
(35, 1, 150, 'g', 1),
(35, 17, 160, 'g', 1),
(36, 31, 100, 'g', 1),
(36, 2, 1, '个', 1),
(36, 40, 200, 'ml', 1),
(36, 20, 30, 'g', 1),
(37, 3, 200, 'g', 1),
(37, 51, 220, 'g', 1),
(37, 61, 3, 'g', 0),
(37, 9, 100, 'g', 0),
(38, 37, 220, 'g', 1),
(38, 53, 180, 'g', 1),
(38, 9, 120, 'g', 1),
(38, 27, 8, 'ml', 0),
(39, 4, 150, 'g', 1),
(39, 33, 80, 'g', 1),
(39, 52, 120, 'g', 1),
(39, 29, 0.50, '个', 0),
(40, 38, 180, 'g', 1),
(40, 2, 2, '个', 1),
(40, 17, 140, 'g', 1),
(40, 12, 100, 'g', 0),
(41, 3, 190, 'g', 1),
(41, 42, 100, 'g', 1),
(41, 19, 120, 'g', 1),
(41, 25, 2, 'g', 0),
(42, 1, 180, 'g', 1),
(42, 41, 80, 'g', 1),
(42, 24, 1, '张', 1),
(42, 11, 80, 'g', 0),
(43, 39, 200, 'g', 1),
(43, 51, 220, 'g', 1),
(43, 9, 120, 'g', 1),
(43, 25, 2, 'g', 0),
(44, 3, 180, 'g', 1),
(44, 2, 2, '个', 1),
(44, 53, 180, 'g', 1),
(44, 27, 8, 'ml', 0),
(45, 4, 150, 'g', 1),
(45, 8, 180, 'g', 1),
(45, 17, 180, 'g', 1),
(45, 30, 5, 'g', 0);
