SET NAMES utf8mb4;
SET FOREIGN_KEY_CHECKS = 0;

TRUNCATE TABLE recommendation_log;
TRUNCATE TABLE shopping_list_item;
TRUNCATE TABLE shopping_list;
TRUNCATE TABLE recommendation_history;
TRUNCATE TABLE favorite;
TRUNCATE TABLE recipe_ingredient;
TRUNCATE TABLE recipe;
TRUNCATE TABLE ingredient;
TRUNCATE TABLE user_profile;
TRUNCATE TABLE `user`;

SET FOREIGN_KEY_CHECKS = 1;

INSERT INTO `user` (id, username, password_hash, nickname, role, status) VALUES
(1, 'user1', '$2a$10$Myzuk4UORPlCpzQQbl3xmeJJ9XIR3nS.2hMBemW08V72fZeQaSBJe', '体验用户', 'USER', 1),
(2, 'maintainer', '$2a$10$Myzuk4UORPlCpzQQbl3xmeJJ9XIR3nS.2hMBemW08V72fZeQaSBJe', '数据维护员', 'MAINTAINER', 1);

INSERT INTO user_profile (id, user_id, gender, age, height_cm, weight_kg, bmi, diet_goal, taste_preferences, avoid_ingredients, allergy_ingredients, cooking_time_preference, daily_calorie_target) VALUES
(1, 1, 'FEMALE', 20, 165.00, 55.00, 20.20, 'FAT_LOSS', '清淡,低脂,高蛋白', '辣椒', '', 30, 1600);

INSERT INTO ingredient (id, name, category, unit, calories_per_100g, protein_per_100g, fat_per_100g, carbs_per_100g, aliases) VALUES
(1, '鸡胸肉', '肉蛋奶', 'g', 133, 24.60, 1.90, 2.50, '鸡肉,鸡胸'),
(2, '鸡蛋', '肉蛋奶', '个', 143, 12.60, 9.50, 1.10, '蛋,鸡蛋液'),
(3, '牛肉', '肉蛋奶', 'g', 250, 26.00, 15.00, 0.00, '瘦牛肉'),
(4, '虾仁', '肉蛋奶', 'g', 99, 20.60, 0.80, 0.20, '虾,鲜虾'),
(5, '鳕鱼', '肉蛋奶', 'g', 82, 18.00, 0.70, 0.00, '白鱼'),
(6, '三文鱼', '肉蛋奶', 'g', 208, 20.00, 13.00, 0.00, '鲑鱼'),
(7, '金枪鱼', '肉蛋奶', 'g', 116, 26.00, 1.00, 0.00, '吞拿鱼'),
(8, '豆腐', '肉蛋奶', 'g', 80, 8.00, 4.70, 1.90, '北豆腐,嫩豆腐'),
(9, '西兰花', '蔬菜', 'g', 34, 2.80, 0.40, 6.60, '西蓝花'),
(10, '番茄', '蔬菜', 'g', 18, 0.90, 0.20, 3.90, '西红柿'),
(11, '生菜', '蔬菜', 'g', 15, 1.40, 0.20, 2.90, '罗马生菜'),
(12, '青菜', '蔬菜', 'g', 18, 1.70, 0.20, 3.20, '小青菜,上海青'),
(13, '芦笋', '蔬菜', 'g', 20, 2.20, 0.10, 3.90, ''),
(14, '香菇', '蔬菜', 'g', 26, 2.20, 0.30, 5.20, '蘑菇'),
(15, '胡萝卜', '蔬菜', 'g', 41, 0.90, 0.20, 9.60, '红萝卜'),
(16, '黄瓜', '蔬菜', 'g', 16, 0.70, 0.10, 3.60, '青瓜'),
(17, '米饭', '主食', 'g', 116, 2.60, 0.30, 25.90, '白米饭'),
(18, '糙米', '主食', 'g', 111, 2.60, 0.90, 23.00, '糙米饭'),
(19, '藜麦', '主食', 'g', 120, 4.40, 1.90, 21.30, ''),
(20, '燕麦', '主食', 'g', 389, 16.90, 6.90, 66.30, '燕麦片'),
(21, '面条', '主食', 'g', 137, 4.50, 0.90, 25.00, '挂面'),
(22, '意面', '主食', 'g', 158, 5.80, 0.90, 30.90, '意大利面'),
(23, '全麦面包', '主食', '片', 247, 13.00, 4.20, 41.00, '吐司'),
(24, '全麦饼', '主食', '张', 280, 9.00, 7.00, 45.00, '卷饼皮'),
(25, '黑胡椒', '调料', 'g', 251, 10.40, 3.30, 64.00, '胡椒'),
(26, '盐', '调料', 'g', 0, 0.00, 0.00, 0.00, '食盐'),
(27, '生抽', '调料', 'ml', 60, 6.00, 0.10, 8.00, '酱油'),
(28, '橄榄油', '调料', 'ml', 884, 0.00, 100.00, 0.00, '食用油'),
(29, '柠檬', '调料', '个', 29, 1.10, 0.30, 9.30, '柠檬汁'),
(30, '葱', '调料', 'g', 32, 1.80, 0.20, 7.30, '小葱,香葱'),
(31, '玉米', '其他', 'g', 96, 3.40, 1.50, 21.00, '甜玉米'),
(32, '土豆', '其他', 'g', 77, 2.00, 0.10, 17.00, '马铃薯'),
(33, '牛油果', '其他', 'g', 160, 2.00, 14.70, 8.50, '鳄梨'),
(34, '紫菜', '其他', 'g', 35, 5.80, 0.30, 5.10, '海苔'),
(35, '虾皮', '其他', 'g', 153, 30.70, 2.20, 2.50, ''),
(36, '花生', '其他', 'g', 567, 25.80, 49.20, 16.10, '花生米');

INSERT INTO recipe (id, name, description, image_url, cooking_time, difficulty, servings, calories, protein, fat, carbs, taste_tags, health_tags, target_goals, steps, status, created_by) VALUES
(1, '鸡胸肉西兰花轻食碗', '低脂高蛋白轻食碗，适合减脂期控制热量。', '/images/recipes/chicken-broccoli-bowl.jpg', 25, 'EASY', 1, 420, 35.00, 9.00, 45.00, '清淡,轻食', '低脂,高蛋白,低卡', 'FAT_LOSS,MUSCLE_GAIN', '["鸡胸肉切块并用少量生抽和黑胡椒腌制。","西兰花焯水，玉米煮熟。","鸡胸肉煎熟后与蔬菜装盘。","按口味加少量盐和柠檬汁。"]', 1, 2),
(2, '虾仁豆腐蔬菜汤', '虾仁、豆腐和青菜搭配，热量低且蛋白质充足。', '/images/recipes/shrimp-tofu-soup.jpg', 20, 'EASY', 1, 330, 28.00, 10.00, 22.00, '清淡,汤类', '低卡,高蛋白,少油', 'FAT_LOSS,BALANCED', '["虾仁洗净，豆腐切块。","锅中加水煮开后放入豆腐和青菜。","加入虾仁煮至变色。","用盐和葱调味。"]', 1, 2),
(3, '番茄鸡蛋燕麦粥', '番茄鸡蛋与燕麦组合，快手且饱腹。', '/images/recipes/tomato-egg-oatmeal.jpg', 15, 'EASY', 1, 360, 20.00, 11.00, 42.00, '清淡,快手', '低卡,饱腹,营养均衡', 'FAT_LOSS,BALANCED', '["番茄切块，鸡蛋打散。","燕麦加水煮软。","放入番茄煮出汤汁。","倒入蛋液并搅拌成蛋花。"]', 1, 2),
(4, '金枪鱼生菜沙拉', '金枪鱼搭配生菜和鸡蛋，适合作为低脂高蛋白餐。', '/images/recipes/tuna-lettuce-salad.jpg', 10, 'EASY', 1, 390, 32.00, 14.00, 25.00, '清爽,沙拉', '低脂,高蛋白,快手', 'FAT_LOSS,MUSCLE_GAIN', '["生菜洗净沥干。","鸡蛋煮熟切块。","金枪鱼沥去多余水分。","混合后加入少量柠檬汁和黑胡椒。"]', 1, 2),
(5, '香煎鳕鱼配芦笋', '鳕鱼和芦笋搭配，脂肪低，口味清爽。', '/images/recipes/cod-asparagus.jpg', 25, 'MEDIUM', 1, 410, 34.00, 13.00, 28.00, '清淡,西式', '低脂,高蛋白', 'FAT_LOSS,BALANCED', '["鳕鱼用盐、黑胡椒和柠檬汁腌制。","芦笋洗净切段。","平底锅加少量橄榄油煎鳕鱼。","芦笋煎熟后一起装盘。"]', 1, 2),
(6, '鸡蛋豆腐蒸羹', '鸡蛋和豆腐蒸制，口感软嫩，适合轻食。', '/images/recipes/egg-tofu-custard.jpg', 18, 'EASY', 1, 300, 22.00, 16.00, 12.00, '清淡,家常', '低卡,易做,高蛋白', 'FAT_LOSS,BALANCED', '["鸡蛋打散后加温水。","豆腐切小块放入碗中。","倒入蛋液并盖上保鲜膜。","上锅蒸熟后撒葱花。"]', 1, 2),
(7, '番茄炒蛋', '经典家常菜，做法简单，适合日常均衡饮食。', '/images/recipes/tomato-egg.jpg', 15, 'EASY', 1, 320, 18.00, 16.00, 20.00, '家常,清淡', '快手,营养均衡', 'BALANCED', '["番茄切块，鸡蛋打散。","先炒鸡蛋至凝固后盛出。","番茄炒出汁后加入鸡蛋。","加盐调味后出锅。"]', 1, 2),
(8, '土豆胡萝卜炖牛肉', '牛肉、土豆和胡萝卜炖煮，饱腹且营养均衡。', '/images/recipes/beef-potato-carrot.jpg', 60, 'MEDIUM', 2, 680, 35.00, 28.00, 65.00, '家常,炖菜', '均衡,饱腹', 'BALANCED,MUSCLE_GAIN', '["牛肉焯水备用。","土豆和胡萝卜切块。","牛肉加水炖煮至变软。","加入蔬菜继续炖熟并调味。"]', 1, 2),
(9, '香菇青菜豆腐饭', '香菇、青菜和豆腐搭配米饭，适合均衡素食。', '/images/recipes/mushroom-tofu-rice.jpg', 25, 'EASY', 1, 520, 22.00, 14.00, 78.00, '家常,素食', '均衡,清淡', 'BALANCED', '["香菇切片，青菜洗净。","豆腐煎至微黄。","香菇和青菜翻炒调味。","搭配米饭装盘。"]', 1, 2),
(10, '三文鱼藜麦饭', '三文鱼、藜麦和西兰花组合，提供优质脂肪和蛋白质。', '/images/recipes/salmon-quinoa-bowl.jpg', 35, 'MEDIUM', 1, 620, 36.00, 24.00, 58.00, '清淡,西式', '均衡,高蛋白,优质脂肪', 'BALANCED,MUSCLE_GAIN', '["藜麦煮熟备用。","三文鱼用黑胡椒和盐腌制。","三文鱼煎熟，西兰花焯水。","全部装入碗中并加柠檬汁。"]', 1, 2),
(11, '宫保鸡丁轻油版', '减少用油的家常宫保鸡丁，保留风味并控制热量。', '/images/recipes/light-kungpao-chicken.jpg', 25, 'MEDIUM', 1, 580, 32.00, 24.00, 52.00, '家常,下饭', '适中热量,高蛋白', 'BALANCED,MUSCLE_GAIN', '["鸡胸肉切丁腌制。","黄瓜切丁，花生备用。","少油炒熟鸡丁。","加入黄瓜和花生快速翻炒。"]', 1, 2),
(12, '紫菜虾皮鸡蛋汤面', '汤面做法快，紫菜、虾皮和鸡蛋补充蛋白质。', '/images/recipes/seaweed-egg-noodle.jpg', 15, 'EASY', 1, 500, 24.00, 14.00, 70.00, '快手,汤面', '均衡,补钙', 'BALANCED', '["面条煮熟。","另起锅加水煮紫菜和虾皮。","打入鸡蛋形成蛋花。","加入面条并调味。"]', 1, 2),
(13, '黑椒牛肉糙米饭', '牛肉搭配糙米和西兰花，适合增肌期补充能量。', '/images/recipes/blackpepper-beef-brownrice.jpg', 35, 'MEDIUM', 1, 720, 45.00, 24.00, 78.00, '黑椒,便当', '高蛋白,增肌,饱腹', 'MUSCLE_GAIN', '["糙米提前煮熟。","牛肉切片用黑胡椒和生抽腌制。","西兰花焯水。","牛肉炒熟后与糙米和西兰花装盘。"]', 1, 2),
(14, '鸡胸肉牛油果卷饼', '鸡胸肉和牛油果卷入全麦饼，适合作为增肌便当。', '/images/recipes/chicken-avocado-wrap.jpg', 20, 'EASY', 1, 650, 42.00, 24.00, 62.00, '便当,西式', '高蛋白,增肌,便携', 'MUSCLE_GAIN', '["鸡胸肉煎熟切条。","牛油果压成泥。","全麦饼加热。","加入鸡胸肉、生菜和牛油果卷起。"]', 1, 2),
(15, '煎蛋牛肉藜麦碗', '牛肉、鸡蛋和藜麦提供高蛋白和优质碳水。', '/images/recipes/beef-egg-quinoa.jpg', 30, 'MEDIUM', 1, 760, 48.00, 28.00, 76.00, '训练后,碗餐', '高蛋白,增肌,均衡', 'MUSCLE_GAIN', '["藜麦煮熟备用。","牛肉煎熟切片。","鸡蛋煎至喜欢的熟度。","搭配蔬菜一起装碗。"]', 1, 2),
(16, '豆腐鸡肉蛋白餐', '豆腐、鸡胸肉和鸡蛋组合，蛋白质密度高。', '/images/recipes/chicken-tofu-protein.jpg', 25, 'EASY', 1, 610, 46.00, 22.00, 46.00, '清淡,蛋白餐', '高蛋白,低脂,增肌', 'MUSCLE_GAIN,FAT_LOSS', '["鸡胸肉切片煎熟。","豆腐切块煎香。","鸡蛋煮熟或煎熟。","全部装盘并用少量生抽调味。"]', 1, 2),
(17, '金枪鱼玉米全麦三明治', '金枪鱼、玉米和全麦面包组合，快手便携。', '/images/recipes/tuna-corn-sandwich.jpg', 10, 'EASY', 1, 590, 40.00, 18.00, 68.00, '快手,便携', '高蛋白,增肌', 'MUSCLE_GAIN,BALANCED', '["金枪鱼沥干。","玉米煮熟。","全麦面包夹入金枪鱼、生菜和玉米。","按口味加入黑胡椒。"]', 1, 2),
(18, '虾仁鸡蛋炒意面', '虾仁、鸡蛋和意面搭配，适合训练后补充蛋白质和碳水。', '/images/recipes/shrimp-egg-pasta.jpg', 25, 'EASY', 1, 700, 43.00, 22.00, 82.00, '训练后,主食', '高蛋白,增肌,快手', 'MUSCLE_GAIN', '["意面煮熟备用。","虾仁炒至变色。","加入鸡蛋炒散。","放入意面和少量生抽翻炒。"]', 1, 2);

INSERT INTO recipe_ingredient (recipe_id, ingredient_id, quantity, unit, is_core) VALUES
(1, 1, 180, 'g', 1), (1, 9, 150, 'g', 1), (1, 31, 80, 'g', 1), (1, 25, 2, 'g', 0),
(2, 4, 120, 'g', 1), (2, 8, 150, 'g', 1), (2, 12, 100, 'g', 1), (2, 30, 5, 'g', 0),
(3, 10, 150, 'g', 1), (3, 2, 2, '个', 1), (3, 20, 40, 'g', 1), (3, 26, 1, 'g', 0),
(4, 7, 120, 'g', 1), (4, 11, 120, 'g', 1), (4, 2, 1, '个', 1), (4, 29, 0.50, '个', 0),
(5, 5, 180, 'g', 1), (5, 13, 150, 'g', 1), (5, 29, 0.50, '个', 0), (5, 28, 5, 'ml', 0),
(6, 2, 2, '个', 1), (6, 8, 180, 'g', 1), (6, 30, 5, 'g', 0),
(7, 10, 200, 'g', 1), (7, 2, 2, '个', 1), (7, 26, 1, 'g', 0), (7, 28, 5, 'ml', 0),
(8, 3, 220, 'g', 1), (8, 32, 200, 'g', 1), (8, 15, 120, 'g', 1), (8, 27, 10, 'ml', 0),
(9, 14, 80, 'g', 1), (9, 12, 120, 'g', 1), (9, 8, 150, 'g', 1), (9, 17, 180, 'g', 1),
(10, 6, 160, 'g', 1), (10, 19, 100, 'g', 1), (10, 9, 120, 'g', 1), (10, 29, 0.50, '个', 0),
(11, 1, 180, 'g', 1), (11, 16, 100, 'g', 1), (11, 36, 20, 'g', 1), (11, 27, 10, 'ml', 0),
(12, 21, 120, 'g', 1), (12, 2, 1, '个', 1), (12, 34, 5, 'g', 1), (12, 35, 8, 'g', 1),
(13, 3, 200, 'g', 1), (13, 18, 180, 'g', 1), (13, 9, 150, 'g', 1), (13, 25, 3, 'g', 0),
(14, 1, 180, 'g', 1), (14, 33, 80, 'g', 1), (14, 24, 1, '张', 1), (14, 11, 80, 'g', 0),
(15, 3, 200, 'g', 1), (15, 2, 2, '个', 1), (15, 19, 120, 'g', 1), (15, 16, 80, 'g', 0),
(16, 1, 160, 'g', 1), (16, 8, 180, 'g', 1), (16, 2, 1, '个', 1), (16, 27, 8, 'ml', 0),
(17, 7, 140, 'g', 1), (17, 31, 80, 'g', 1), (17, 23, 2, '片', 1), (17, 11, 60, 'g', 0),
(18, 4, 140, 'g', 1), (18, 2, 2, '个', 1), (18, 22, 120, 'g', 1), (18, 27, 8, 'ml', 0);
