SET NAMES utf8mb4;
SET FOREIGN_KEY_CHECKS = 0;

TRUNCATE TABLE recommendation_log;
TRUNCATE TABLE shopping_list_item;
TRUNCATE TABLE shopping_list;
TRUNCATE TABLE recommendation_conversation_message;
TRUNCATE TABLE recommendation_conversation;
TRUNCATE TABLE recommendation_history;
TRUNCATE TABLE favorite;
TRUNCATE TABLE recipe_ingredient;
TRUNCATE TABLE recipe;
TRUNCATE TABLE ingredient;
TRUNCATE TABLE user_profile;
TRUNCATE TABLE `user`;

SET FOREIGN_KEY_CHECKS = 1;

INSERT INTO `user` (id, username, password_hash, nickname, role, status) VALUES
(1, 'user1', '$2a$10$Myzuk4UORPlCpzQQbl3xmeJJ9XIR3nS.2hMBemW08V72fZeQaSBJe', '/images/recipes/pexels-recipe-01-chicken-broccoli-bowl.jpg', 'USER', 1),
(2, 'maintainer', '$2a$10$Myzuk4UORPlCpzQQbl3xmeJJ9XIR3nS.2hMBemW08V72fZeQaSBJe', '/images/recipes/pexels-recipe-02-shrimp-tofu-vegetable-soup.jpg', 'MAINTAINER', 1);

INSERT INTO user_profile (id, user_id, gender, age, height_cm, weight_kg, bmi, diet_goal, taste_preferences, avoid_ingredients, allergy_ingredients, cooking_time_preference, daily_calorie_target) VALUES
(1, 1, 'FEMALE', 20, 165.00, 55.00, 20.20, 'FAT_LOSS', '清淡,低脂,高蛋白', '辣椒', '', 30, 1600);

INSERT INTO ingredient (id, name, category, unit, calories_per_100g, protein_per_100g, fat_per_100g, carbs_per_100g, aliases) VALUES
(1, '鸡胸肉', '肉蛋奶', 'g', 133, 24.60, 1.90, 2.50, '鸡肉,鸡胸'),
(2, '鸡蛋', '肉蛋奶', '个', 143, 12.60, 9.50, 1.10, '蛋,鸡蛋液'),
(3, '牛肉', '肉蛋奶', 'g', 250, 26.00, 15.00, 0.00, '瘦牛肉'),
(4, '虾仁', '肉蛋奶', 'g', 99, 20.60, 0.80, 0.20, '虾,鲜虾'),
(5, '鳕鱼', '肉蛋奶', 'g', 82, 18.00, 0.70, 0.00, '白鱼'),
(6, '三文鱼', '肉蛋奶', 'g', 208, 20.00, 13.00, 0.00, '鲑鱼'),
(7, '金枪鱼', '肉蛋奶', 'g', 116, 26.00, 1.00, 0.00, '吞拿鱼'),
(8, '豆腐', '肉蛋奶', 'g', 80, 8.00, 4.70, 1.90, '北豆腐,嫩豆腐'),
(9, '西兰花', '蔬菜', 'g', 34, 2.80, 0.40, 6.60, '西蓝花'),
(10, '番茄', '蔬菜', 'g', 18, 0.90, 0.20, 3.90, '西红柿'),
(11, '生菜', '蔬菜', 'g', 15, 1.40, 0.20, 2.90, '罗马生菜'),
(12, '青菜', '蔬菜', 'g', 18, 1.70, 0.20, 3.20, '小青菜,上海青'),
(13, '芦笋', '蔬菜', 'g', 20, 2.20, 0.10, 3.90, ''),
(14, '香菇', '蔬菜', 'g', 26, 2.20, 0.30, 5.20, '蘑菇'),
(15, '胡萝卜', '蔬菜', 'g', 41, 0.90, 0.20, 9.60, '红萝卜'),
(16, '黄瓜', '蔬菜', 'g', 16, 0.70, 0.10, 3.60, '青瓜'),
(17, '米饭', '主食', 'g', 116, 2.60, 0.30, 25.90, '白米饭'),
(18, '糙米', '主食', 'g', 111, 2.60, 0.90, 23.00, '糙米饭'),
(19, '藜麦', '主食', 'g', 120, 4.40, 1.90, 21.30, ''),
(20, '燕麦', '主食', 'g', 389, 16.90, 6.90, 66.30, '燕麦片'),
(21, '面条', '主食', 'g', 137, 4.50, 0.90, 25.00, '挂面'),
(22, '意面', '主食', 'g', 158, 5.80, 0.90, 30.90, '意大利面'),
(23, '全麦面包', '主食', '片', 247, 13.00, 4.20, 41.00, '吐司'),
(24, '全麦饼', '主食', '张', 280, 9.00, 7.00, 45.00, '卷饼皮'),
(25, '黑胡椒', '调料', 'g', 251, 10.40, 3.30, 64.00, '胡椒'),
(26, '盐', '调料', 'g', 0, 0.00, 0.00, 0.00, '食盐'),
(27, '生抽', '调料', 'ml', 60, 6.00, 0.10, 8.00, '酱油'),
(28, '橄榄油', '调料', 'ml', 884, 0.00, 100.00, 0.00, '食用油'),
(29, '柠檬', '调料', '个', 29, 1.10, 0.30, 9.30, '柠檬汁'),
(30, '葱', '调料', 'g', 32, 1.80, 0.20, 7.30, '小葱,香葱'),
(31, '玉米', '其他', 'g', 96, 3.40, 1.50, 21.00, '甜玉米'),
(32, '土豆', '其他', 'g', 77, 2.00, 0.10, 17.00, '马铃薯'),
(33, '牛油果', '其他', 'g', 160, 2.00, 14.70, 8.50, '鳄梨'),
(34, '紫菜', '其他', 'g', 35, 5.80, 0.30, 5.10, '海苔'),
(35, '虾皮', '其他', 'g', 153, 30.70, 2.20, 2.50, ''),
(36, '花生', '其他', 'g', 567, 25.80, 49.20, 16.10, '花生米'),
(37, '鸡腿肉', '肉蛋奶', 'g', 181, 19.00, 11.00, 0.00, '去皮鸡腿肉'),
(38, '猪里脊', '肉蛋奶', 'g', 155, 20.20, 7.90, 0.70, '里脊肉'),
(39, '巴沙鱼', '肉蛋奶', 'g', 90, 18.00, 2.00, 0.00, '鱼柳'),
(40, '牛奶', '肉蛋奶', 'ml', 54, 3.40, 3.20, 5.00, '纯牛奶'),
(41, '无糖酸奶', '肉蛋奶', 'g', 72, 4.00, 3.00, 7.00, '酸奶'),
(42, '毛豆', '其他', 'g', 131, 13.10, 5.00, 10.50, '青豆'),
(43, '菠菜', '蔬菜', 'g', 23, 2.90, 0.40, 3.60, ''),
(44, '白菜', '蔬菜', 'g', 20, 1.50, 0.20, 3.20, '大白菜'),
(45, '洋葱', '蔬菜', 'g', 40, 1.10, 0.10, 9.30, ''),
(46, '彩椒', '蔬菜', 'g', 31, 1.00, 0.30, 6.00, '甜椒'),
(47, '南瓜', '其他', 'g', 23, 0.70, 0.10, 5.30, ''),
(48, '菌菇', '蔬菜', 'g', 28, 2.50, 0.30, 5.00, '蘑菇,蟹味菇'),
(49, '冬瓜', '蔬菜', 'g', 12, 0.40, 0.20, 2.60, ''),
(50, '西葫芦', '蔬菜', 'g', 19, 1.20, 0.20, 3.10, ''),
(51, '红薯', '主食', 'g', 86, 1.60, 0.10, 20.10, '地瓜'),
(52, '荞麦面', '主食', 'g', 99, 5.10, 0.70, 21.00, '荞麦挂面'),
(53, '杂粮饭', '主食', 'g', 118, 3.00, 0.80, 24.00, '杂粮米饭'),
(54, '玉米面', '主食', 'g', 340, 8.10, 3.30, 73.00, ''),
(55, '紫薯', '主食', 'g', 82, 1.90, 0.20, 18.40, ''),
(56, '姜', '调料', 'g', 80, 1.80, 0.80, 18.00, ''),
(57, '蒜', '调料', 'g', 149, 6.40, 0.50, 33.10, '大蒜'),
(58, '料酒', '调料', 'ml', 66, 1.00, 0.00, 4.00, ''),
(59, '醋', '调料', 'ml', 21, 0.00, 0.00, 3.00, ''),
(60, '番茄酱', '调料', 'g', 112, 1.70, 0.20, 25.80, ''),
(61, '孜然粉', '调料', 'g', 375, 17.80, 22.30, 44.20, '孜然');

INSERT INTO recipe (id, name, description, image_url, cooking_time, difficulty, servings, calories, protein, fat, carbs, taste_tags, health_tags, target_goals, steps, status, created_by) VALUES
(1, '鸡胸肉西兰花轻食碗', '低脂高蛋白轻食碗，适合减脂期控制热量。', '/images/recipes/pexels-recipe-01-chicken-broccoli-bowl.jpg', 25, 'EASY', 1, 420, 35.00, 9.00, 45.00, '清淡,轻食', '低脂,高蛋白,低卡', 'FAT_LOSS,MUSCLE_GAIN', '["鸡胸肉切块并用少量生抽和黑胡椒腌制。","西兰花焯水，玉米煮熟。","鸡胸肉煎熟后与蔬菜装盘。","按口味加少量盐和柠檬汁。"]', 1, 2),
(2, '虾仁豆腐蔬菜汤', '虾仁、豆腐和青菜搭配，热量低且蛋白质充足。', '/images/recipes/pexels-recipe-02-shrimp-tofu-vegetable-soup.jpg', 20, 'EASY', 1, 330, 28.00, 10.00, 22.00, '清淡,汤类', '低卡,高蛋白,少油', 'FAT_LOSS,BALANCED', '["虾仁洗净，豆腐切块。","锅中加水煮开后放入豆腐和青菜。","加入虾仁煮至变色。","用盐和葱调味。"]', 1, 2),
(3, '番茄鸡蛋燕麦粥', '番茄鸡蛋与燕麦组合，快手且饱腹。', '/images/recipes/pexels-recipe-03-tomato-egg-oatmeal.jpg', 15, 'EASY', 1, 360, 20.00, 11.00, 42.00, '清淡,快手', '低卡,饱腹,营养均衡', 'FAT_LOSS,BALANCED', '["番茄切块，鸡蛋打散。","燕麦加水煮软。","放入番茄煮出汤汁。","倒入蛋液并搅拌成蛋花。"]', 1, 2),
(4, '金枪鱼生菜沙拉', '金枪鱼搭配生菜和鸡蛋，适合作为低脂高蛋白餐。', '/images/recipes/pexels-recipe-04-tuna-egg-salad-bowl.jpg', 10, 'EASY', 1, 390, 32.00, 14.00, 25.00, '清爽,沙拉', '低脂,高蛋白,快手', 'FAT_LOSS,MUSCLE_GAIN', '["生菜洗净沥干。","鸡蛋煮熟切块。","金枪鱼沥去多余水分。","混合后加入少量柠檬汁和黑胡椒。"]', 1, 2),
(5, '香煎鳕鱼配芦笋', '鳕鱼和芦笋搭配，脂肪低，口味清爽。', '/images/recipes/pexels-recipe-05-cod-asparagus-plate.jpg', 25, 'MEDIUM', 1, 410, 34.00, 13.00, 28.00, '清淡,西式', '低脂,高蛋白', 'FAT_LOSS,BALANCED', '["鳕鱼用盐、黑胡椒和柠檬汁腌制。","芦笋洗净切段。","平底锅加少量橄榄油煎鳕鱼。","芦笋煎熟后一起装盘。"]', 1, 2),
(6, '鸡蛋豆腐蒸羹', '鸡蛋和豆腐蒸制，口感软嫩，适合轻食。', '/images/recipes/pexels-recipe-06-egg-tofu-custard.jpg', 18, 'EASY', 1, 300, 22.00, 16.00, 12.00, '清淡,家常', '低卡,易做,高蛋白', 'FAT_LOSS,BALANCED', '["鸡蛋打散后加温水。","豆腐切小块放入碗中。","倒入蛋液并盖上保鲜膜。","上锅蒸熟后撒葱花。"]', 1, 2),
(7, '番茄炒蛋', '经典家常菜，做法简单，适合日常均衡饮食。', '/images/recipes/pexels-recipe-07-tomato-scrambled-egg.jpg', 15, 'EASY', 1, 320, 18.00, 16.00, 20.00, '家常,清淡', '快手,营养均衡', 'BALANCED', '["番茄切块，鸡蛋打散。","先炒鸡蛋至凝固后盛出。","番茄炒出汁后加入鸡蛋。","加盐调味后出锅。"]', 1, 2),
(8, '土豆胡萝卜炖牛肉', '牛肉、土豆和胡萝卜炖煮，饱腹且营养均衡。', '/images/recipes/pexels-recipe-08-beef-potato-carrot-stew.jpg', 60, 'MEDIUM', 2, 680, 35.00, 28.00, 65.00, '家常,炖菜', '均衡,饱腹', 'BALANCED,MUSCLE_GAIN', '["牛肉焯水备用。","土豆和胡萝卜切块。","牛肉加水炖煮至变软。","加入蔬菜继续炖熟并调味。"]', 1, 2),
(9, '香菇青菜豆腐饭', '香菇、青菜和豆腐搭配米饭，适合均衡素食。', '/images/recipes/pexels-recipe-09-mushroom-tofu-rice.jpg', 25, 'EASY', 1, 520, 22.00, 14.00, 78.00, '家常,素食', '均衡,清淡', 'BALANCED', '["香菇切片，青菜洗净。","豆腐煎至微黄。","香菇和青菜翻炒调味。","搭配米饭装盘。"]', 1, 2),
(10, '三文鱼藜麦饭', '三文鱼、藜麦和西兰花组合，提供优质脂肪和蛋白质。', '/images/recipes/pexels-recipe-10-salmon-poke-quinoa-bowl.jpg', 35, 'MEDIUM', 1, 620, 36.00, 24.00, 58.00, '清淡,西式', '均衡,高蛋白,优质脂肪', 'BALANCED,MUSCLE_GAIN', '["藜麦煮熟备用。","三文鱼用黑胡椒和盐腌制。","三文鱼煎熟，西兰花焯水。","全部装入碗中并加柠檬汁。"]', 1, 2),
(11, '宫保鸡丁轻油版', '减少用油的家常宫保鸡丁，保留风味并控制热量。', '/images/recipes/pexels-recipe-11-kungpao-chicken-light.jpg', 25, 'MEDIUM', 1, 580, 32.00, 24.00, 52.00, '家常,下饭', '适中热量,高蛋白', 'BALANCED,MUSCLE_GAIN', '["鸡胸肉切丁腌制。","黄瓜切丁，花生备用。","少油炒熟鸡丁。","加入黄瓜和花生快速翻炒。"]', 1, 2),
(12, '紫菜虾皮鸡蛋汤面', '汤面做法快，紫菜、虾皮和鸡蛋补充蛋白质。', '/images/recipes/pexels-recipe-12-seaweed-egg-noodle-soup.jpg', 15, 'EASY', 1, 500, 24.00, 14.00, 70.00, '快手,汤面', '均衡,补钙', 'BALANCED', '["面条煮熟。","另起锅加水煮紫菜和虾皮。","打入鸡蛋形成蛋花。","加入面条并调味。"]', 1, 2),
(13, '黑椒牛肉糙米饭', '牛肉搭配糙米和西兰花，适合增肌期补充能量。', '/images/recipes/pexels-recipe-13-bulgogi-beef-rice-bowl.jpg', 35, 'MEDIUM', 1, 720, 45.00, 24.00, 78.00, '黑椒,便当', '高蛋白,增肌,饱腹', 'MUSCLE_GAIN', '["糙米提前煮熟。","牛肉切片用黑胡椒和生抽腌制。","西兰花焯水。","牛肉炒熟后与糙米和西兰花装盘。"]', 1, 2),
(14, '鸡胸肉牛油果卷饼', '鸡胸肉和牛油果卷入全麦饼，适合作为增肌便当。', '/images/recipes/pexels-recipe-14-chicken-avocado-wrap.jpg', 20, 'EASY', 1, 650, 42.00, 24.00, 62.00, '便当,西式', '高蛋白,增肌,便携', 'MUSCLE_GAIN', '["鸡胸肉煎熟切条。","牛油果压成泥。","全麦饼加热。","加入鸡胸肉、生菜和牛油果卷起。"]', 1, 2),
(15, '煎蛋牛肉藜麦碗', '牛肉、鸡蛋和藜麦提供高蛋白和优质碳水。', '/images/recipes/pexels-recipe-15-beef-egg-quinoa-bowl.jpg', 30, 'MEDIUM', 1, 760, 48.00, 28.00, 76.00, '训练后,碗餐', '高蛋白,增肌,均衡', 'MUSCLE_GAIN', '["藜麦煮熟备用。","牛肉煎熟切片。","鸡蛋煎至喜欢的熟度。","搭配蔬菜一起装碗。"]', 1, 2),
(16, '豆腐鸡肉蛋白餐', '豆腐、鸡胸肉和鸡蛋组合，蛋白质密度高。', '/images/recipes/pexels-recipe-16-tofu-broccoli-protein-bowl.jpg', 25, 'EASY', 1, 610, 46.00, 22.00, 46.00, '清淡,蛋白餐', '高蛋白,低脂,增肌', 'MUSCLE_GAIN,FAT_LOSS', '["鸡胸肉切片煎熟。","豆腐切块煎香。","鸡蛋煮熟或煎熟。","全部装盘并用少量生抽调味。"]', 1, 2),
(17, '金枪鱼玉米全麦三明治', '金枪鱼、玉米和全麦面包组合，快手便携。', '/images/recipes/pexels-recipe-17-tuna-corn-sandwich.jpg', 10, 'EASY', 1, 590, 40.00, 18.00, 68.00, '快手,便携', '高蛋白,增肌', 'MUSCLE_GAIN,BALANCED', '["金枪鱼沥干。","玉米煮熟。","全麦面包夹入金枪鱼、生菜和玉米。","按口味加入黑胡椒。"]', 1, 2),
(18, '虾仁鸡蛋炒意面', '虾仁、鸡蛋和意面搭配，适合训练后补充蛋白质和碳水。', '/images/recipes/pexels-recipe-18-shrimp-egg-pasta.jpg', 25, 'EASY', 1, 700, 43.00, 22.00, 82.00, '训练后,主食', '高蛋白,增肌,快手', 'MUSCLE_GAIN', '["意面煮熟备用。","虾仁炒至变色。","加入鸡蛋炒散。","放入意面和少量生抽翻炒。"]', 1, 2),
(19, '冬瓜虾仁汤', '冬瓜和虾仁煮成清淡汤品，热量低且适合晚餐。', '/images/recipes/pexels-recipe-19-shrimp-winter-melon-soup.jpg', 18, 'EASY', 1, 260, 24.00, 5.00, 24.00, '清淡,汤类', '低卡,高蛋白,少油', 'FAT_LOSS,BALANCED', '["冬瓜去皮切片，虾仁洗净。","锅中加水煮开后放入冬瓜。","冬瓜变软后加入虾仁煮至变色。","用盐、姜和葱调味后出锅。"]', 1, 2),
(20, '菠菜鸡蛋豆腐汤', '菠菜、鸡蛋和豆腐搭配，清淡快手又有蛋白质。', '/images/recipes/pexels-recipe-20-spinach-egg-tofu-soup.jpg', 15, 'EASY', 1, 290, 23.00, 14.00, 16.00, '清淡,快手', '低卡,高蛋白,易做', 'FAT_LOSS,BALANCED', '["菠菜洗净切段，豆腐切块。","锅中加水煮开后放入豆腐。","加入菠菜煮软。","倒入蛋液形成蛋花并调味。"]', 1, 2),
(21, '巴沙鱼西兰花轻食盘', '巴沙鱼和西兰花组成低脂轻食盘，适合控制热量。', '/images/recipes/pexels-recipe-21-fish-broccoli-plate.jpg', 22, 'EASY', 1, 380, 34.00, 8.00, 38.00, '清淡,轻食', '低脂,高蛋白,低卡', 'FAT_LOSS', '["巴沙鱼用柠檬汁、盐和黑胡椒腌制。","西兰花焯水备用。","平底锅少油煎熟巴沙鱼。","搭配米饭和西兰花装盘。"]', 1, 2),
(22, '鸡腿肉南瓜沙拉', '去皮鸡腿肉搭配南瓜和生菜，兼顾饱腹与清爽。', '/images/recipes/pexels-recipe-22-chicken-salad-bowl.jpg', 25, 'EASY', 1, 430, 31.00, 14.00, 45.00, '清爽,轻食', '高蛋白,饱腹,适中热量', 'FAT_LOSS,BALANCED', '["鸡腿肉去皮切块并煎熟。","南瓜蒸熟切块。","生菜洗净沥干。","全部混合后加少量醋和黑胡椒。"]', 1, 2),
(23, '番茄豆腐菌菇汤', '番茄、豆腐和菌菇煮汤，酸甜清淡，适合轻食。', '/images/recipes/pexels-recipe-23-tomato-tofu-mushroom-soup.jpg', 18, 'EASY', 1, 310, 20.00, 12.00, 28.00, '清淡,汤类', '低卡,均衡,素食', 'FAT_LOSS,BALANCED', '["番茄切块，豆腐切块，菌菇洗净。","番茄先煮出汤汁。","加入豆腐和菌菇煮熟。","用盐和葱调味。"]', 1, 2),
(24, '西葫芦鸡胸肉炒蛋', '西葫芦、鸡胸肉和鸡蛋快炒，蛋白质充足且少油。', '/images/recipes/pexels-recipe-24-zucchini-chicken-egg.jpg', 18, 'EASY', 1, 390, 36.00, 15.00, 24.00, '家常,快手', '低脂,高蛋白,低卡', 'FAT_LOSS,MUSCLE_GAIN', '["鸡胸肉切片腌制。","西葫芦切片，鸡蛋打散。","先炒鸡蛋后盛出。","鸡胸肉和西葫芦炒熟后加入鸡蛋调味。"]', 1, 2),
(25, '紫薯酸奶轻食碗', '紫薯和无糖酸奶搭配，适合作为轻量早餐。', '/images/recipes/pexels-recipe-25-sweet-potato-yogurt-bowl.jpg', 12, 'EASY', 1, 340, 13.00, 6.00, 60.00, '清爽,早餐', '饱腹,低脂,快手', 'FAT_LOSS,BALANCED', '["紫薯蒸熟切块。","碗中加入无糖酸奶。","放入紫薯和少量玉米粒。","按口味加入少量燕麦增加饱腹感。"]', 1, 2),
(26, '黄瓜虾仁鸡蛋杯', '黄瓜、虾仁和鸡蛋做成快手轻食杯。', '/images/recipes/pexels-recipe-26-cucumber-shrimp-egg-cup.jpg', 12, 'EASY', 1, 320, 29.00, 14.00, 18.00, '清爽,快手', '低卡,高蛋白,少油', 'FAT_LOSS', '["虾仁煮熟，鸡蛋煮熟切块。","黄瓜切丁。","将虾仁、鸡蛋和黄瓜放入碗中。","加入少量柠檬汁和黑胡椒拌匀。"]', 1, 2),
(27, '白菜豆腐鸡肉汤', '白菜、豆腐和鸡胸肉煮汤，清淡又有饱腹感。', '/images/recipes/pexels-recipe-27-cabbage-tofu-chicken-soup.jpg', 22, 'EASY', 1, 360, 34.00, 11.00, 24.00, '清淡,汤类', '低脂,高蛋白,饱腹', 'FAT_LOSS,BALANCED', '["白菜洗净切段，豆腐切块。","鸡胸肉切片并焯水。","锅中加水煮白菜和豆腐。","加入鸡胸肉煮熟并调味。"]', 1, 2),
(28, '洋葱彩椒牛肉饭', '洋葱和彩椒搭配牛肉和米饭，适合日常均衡午餐。', '/images/recipes/pexels-recipe-28-bibimbap-beef-rice-bowl.jpg', 25, 'EASY', 1, 620, 36.00, 20.00, 72.00, '家常,下饭', '均衡,高蛋白', 'BALANCED,MUSCLE_GAIN', '["牛肉切片用生抽和黑胡椒腌制。","洋葱和彩椒切条。","牛肉炒熟后加入蔬菜翻炒。","搭配米饭装盘。"]', 1, 2),
(29, '香菇鸡腿肉杂粮饭', '鸡腿肉、香菇和杂粮饭组合，适合健康便当。', '/images/recipes/pexels-recipe-29-mushroom-chicken-grain-rice.jpg', 30, 'MEDIUM', 1, 610, 34.00, 18.00, 76.00, '家常,便当', '均衡,饱腹,高蛋白', 'BALANCED', '["鸡腿肉去皮切块腌制。","香菇切片。","鸡腿肉煎熟后加入香菇翻炒。","搭配杂粮饭装入餐盒。"]', 1, 2),
(30, '番茄牛肉荞麦面', '番茄牛肉汤底搭配荞麦面，酸甜开胃。', '/images/recipes/pexels-recipe-30-tomato-beef-soba-noodle.jpg', 25, 'EASY', 1, 560, 32.00, 16.00, 72.00, '汤面,家常', '均衡,高蛋白', 'BALANCED', '["番茄切块煮出汤汁。","牛肉片快速焯熟。","荞麦面煮熟放入碗中。","倒入番茄汤和牛肉片调味。"]', 1, 2),
(31, '南瓜鸡蛋杂粮粥', '南瓜、鸡蛋和杂粮饭煮成温和饱腹粥。', '/images/recipes/pexels-recipe-31-pumpkin-egg-porridge.jpg', 20, 'EASY', 1, 420, 19.00, 10.00, 66.00, '清淡,早餐', '均衡,饱腹,易做', 'BALANCED,FAT_LOSS', '["南瓜切块蒸软。","杂粮饭加水煮开。","加入南瓜压散。","倒入蛋液搅成蛋花并调味。"]', 1, 2),
(32, '西红柿豆腐炖牛肉', '番茄、豆腐和牛肉炖煮，营养均衡。', '/images/recipes/pexels-recipe-32-tomato-tofu-beef-stew.jpg', 35, 'MEDIUM', 2, 640, 40.00, 24.00, 58.00, '家常,炖菜', '均衡,高蛋白', 'BALANCED,MUSCLE_GAIN', '["牛肉切块焯水。","番茄炒出汤汁。","加入牛肉炖煮至变软。","放入豆腐继续炖熟。"]', 1, 2),
(33, '白菜猪里脊炒饭', '白菜和猪里脊搭配米饭，做法快且适合作为一餐。', '/images/recipes/pexels-recipe-33-pork-cabbage-fried-rice.jpg', 20, 'EASY', 1, 590, 30.00, 18.00, 76.00, '家常,快手', '均衡,饱腹', 'BALANCED', '["猪里脊切丝腌制。","白菜切碎。","先炒猪里脊至变色。","加入白菜和米饭翻炒调味。"]', 1, 2),
(34, '菌菇青菜鸡蛋面', '菌菇、青菜和鸡蛋搭配面条，快手均衡。', '/images/recipes/pexels-recipe-34-mushroom-greens-egg-noodle.jpg', 15, 'EASY', 1, 520, 24.00, 15.00, 72.00, '汤面,快手', '均衡,易做', 'BALANCED', '["面条煮熟。","菌菇和青菜煮软。","打入鸡蛋形成蛋花。","加入面条并调味。"]', 1, 2),
(35, '彩椒豆腐鸡肉盖饭', '彩椒、豆腐和鸡肉搭配米饭，颜色丰富且营养均衡。', '/images/recipes/pexels-recipe-35-chicken-kale-rice-bowl.jpg', 25, 'EASY', 1, 600, 38.00, 18.00, 70.00, '家常,盖饭', '均衡,高蛋白', 'BALANCED,MUSCLE_GAIN', '["鸡胸肉切丁腌制。","豆腐和彩椒切块。","鸡肉和豆腐煎香。","加入彩椒翻炒后盖在米饭上。"]', 1, 2),
(36, '玉米鸡蛋牛奶粥', '玉米、鸡蛋和牛奶煮成快手早餐粥。', '/images/recipes/pexels-recipe-36-corn-egg-milk-oatmeal.jpg', 15, 'EASY', 1, 450, 21.00, 14.00, 62.00, '早餐,清淡', '均衡,快手,饱腹', 'BALANCED', '["玉米粒煮熟。","牛奶小火加热。","加入玉米和燕麦煮软。","倒入蛋液搅拌至熟。"]', 1, 2),
(37, '孜然牛肉红薯碗', '牛肉和红薯组合，适合训练后补充蛋白和碳水。', '/images/recipes/pexels-recipe-37-buddha-sweet-potato-bowl.jpg', 30, 'MEDIUM', 1, 720, 44.00, 22.00, 86.00, '训练后,碗餐', '高蛋白,增肌,饱腹', 'MUSCLE_GAIN', '["红薯蒸熟切块。","牛肉切片用孜然粉和生抽腌制。","牛肉煎熟。","搭配红薯和蔬菜装碗。"]', 1, 2),
(38, '鸡腿排杂粮饭', '去皮鸡腿排搭配杂粮饭，适合增肌便当。', '/images/recipes/pexels-recipe-38-chicken-thigh-grain-rice.jpg', 30, 'MEDIUM', 1, 700, 42.00, 24.00, 78.00, '便当,家常', '高蛋白,增肌,饱腹', 'MUSCLE_GAIN,BALANCED', '["鸡腿肉去皮拍平腌制。","杂粮饭提前煮熟。","鸡腿排煎熟切块。","搭配西兰花和杂粮饭装盘。"]', 1, 2),
(39, '虾仁牛油果荞麦面', '虾仁、牛油果和荞麦面组合，适合训练后轻负担补给。', '/images/recipes/pexels-recipe-39-shrimp-avocado-salad.jpg', 22, 'EASY', 1, 650, 38.00, 22.00, 76.00, '训练后,清爽', '高蛋白,增肌,均衡', 'MUSCLE_GAIN,BALANCED', '["荞麦面煮熟过凉。","虾仁煮熟。","牛油果切片。","将荞麦面、虾仁和牛油果拌匀调味。"]', 1, 2),
(40, '猪里脊鸡蛋蛋白餐', '猪里脊和鸡蛋组成高蛋白餐，适合增肌期。', '/images/recipes/pexels-recipe-40-pork-egg-protein-plate.jpg', 25, 'EASY', 1, 640, 48.00, 24.00, 52.00, '蛋白餐,家常', '高蛋白,增肌', 'MUSCLE_GAIN', '["猪里脊切片腌制。","鸡蛋煮熟或煎熟。","猪里脊煎熟。","搭配米饭和青菜装盘。"]', 1, 2),
(41, '牛肉毛豆藜麦饭', '牛肉、毛豆和藜麦提供蛋白质与优质碳水。', '/images/recipes/pexels-recipe-41-quinoa-chicken-bowl.jpg', 30, 'MEDIUM', 1, 760, 50.00, 24.00, 82.00, '训练后,碗餐', '高蛋白,增肌,均衡', 'MUSCLE_GAIN', '["藜麦煮熟。","毛豆煮熟备用。","牛肉切片煎熟。","全部放入碗中并调味。"]', 1, 2),
(42, '鸡胸肉酸奶全麦卷', '鸡胸肉搭配无糖酸奶和全麦饼，便携高蛋白。', '/images/recipes/pexels-recipe-42-chicken-yogurt-wrap.jpg', 18, 'EASY', 1, 620, 44.00, 16.00, 72.00, '便携,西式', '高蛋白,增肌,快手', 'MUSCLE_GAIN,FAT_LOSS', '["鸡胸肉煎熟切条。","无糖酸奶加少量黑胡椒调成酱。","全麦饼加热。","放入鸡胸肉、生菜和酸奶酱后卷起。"]', 1, 2),
(43, '巴沙鱼红薯训练餐', '巴沙鱼和红薯搭配，脂肪较低且适合训练餐。', '/images/recipes/pexels-recipe-43-fish-sweet-potato-plate.jpg', 25, 'EASY', 1, 610, 42.00, 10.00, 86.00, '训练后,轻食', '高蛋白,低脂,增肌', 'MUSCLE_GAIN,FAT_LOSS', '["红薯蒸熟切块。","巴沙鱼用盐和黑胡椒腌制。","巴沙鱼煎熟。","搭配西兰花和红薯装盘。"]', 1, 2),
(44, '双蛋牛肉杂粮饭', '牛肉和双蛋搭配杂粮饭，蛋白质充足。', '/images/recipes/pexels-recipe-44-beef-double-egg-rice.jpg', 25, 'EASY', 1, 780, 52.00, 28.00, 82.00, '训练后,便当', '高蛋白,增肌,饱腹', 'MUSCLE_GAIN', '["杂粮饭加热。","牛肉切片煎熟。","两个鸡蛋煎熟。","将牛肉、鸡蛋和杂粮饭装盘。"]', 1, 2),
(45, '虾仁豆腐高蛋白盖饭', '虾仁和豆腐搭配米饭，口味清淡且蛋白质充足。', '/images/recipes/pexels-recipe-45-shrimp-poke-bowl.jpg', 20, 'EASY', 1, 620, 44.00, 18.00, 72.00, '盖饭,清淡', '高蛋白,增肌,均衡', 'MUSCLE_GAIN,BALANCED', '["虾仁炒至变色。","豆腐切块煎香。","加入少量生抽调味。","盖在米饭上并撒葱花。"]', 1, 2);

INSERT INTO recipe_ingredient (recipe_id, ingredient_id, quantity, unit, is_core) VALUES
(1, 1, 180, 'g', 1), (1, 9, 150, 'g', 1), (1, 31, 80, 'g', 1), (1, 25, 2, 'g', 0),
(2, 4, 120, 'g', 1), (2, 8, 150, 'g', 1), (2, 12, 100, 'g', 1), (2, 30, 5, 'g', 0),
(3, 10, 150, 'g', 1), (3, 2, 2, '个', 1), (3, 20, 40, 'g', 1), (3, 26, 1, 'g', 0),
(4, 7, 120, 'g', 1), (4, 11, 120, 'g', 1), (4, 2, 1, '个', 1), (4, 29, 0.50, '个', 0),
(5, 5, 180, 'g', 1), (5, 13, 150, 'g', 1), (5, 29, 0.50, '个', 0), (5, 28, 5, 'ml', 0),
(6, 2, 2, '个', 1), (6, 8, 180, 'g', 1), (6, 30, 5, 'g', 0),
(7, 10, 200, 'g', 1), (7, 2, 2, '个', 1), (7, 26, 1, 'g', 0), (7, 28, 5, 'ml', 0),
(8, 3, 220, 'g', 1), (8, 32, 200, 'g', 1), (8, 15, 120, 'g', 1), (8, 27, 10, 'ml', 0),
(9, 14, 80, 'g', 1), (9, 12, 120, 'g', 1), (9, 8, 150, 'g', 1), (9, 17, 180, 'g', 1),
(10, 6, 160, 'g', 1), (10, 19, 100, 'g', 1), (10, 9, 120, 'g', 1), (10, 29, 0.50, '个', 0),
(11, 1, 180, 'g', 1), (11, 16, 100, 'g', 1), (11, 36, 20, 'g', 1), (11, 27, 10, 'ml', 0),
(12, 21, 120, 'g', 1), (12, 2, 1, '个', 1), (12, 34, 5, 'g', 1), (12, 35, 8, 'g', 1),
(13, 3, 200, 'g', 1), (13, 18, 180, 'g', 1), (13, 9, 150, 'g', 1), (13, 25, 3, 'g', 0),
(14, 1, 180, 'g', 1), (14, 33, 80, 'g', 1), (14, 24, 1, '张', 1), (14, 11, 80, 'g', 0),
(15, 3, 200, 'g', 1), (15, 2, 2, '个', 1), (15, 19, 120, 'g', 1), (15, 16, 80, 'g', 0),
(16, 1, 160, 'g', 1), (16, 8, 180, 'g', 1), (16, 2, 1, '个', 1), (16, 27, 8, 'ml', 0),
(17, 7, 140, 'g', 1), (17, 31, 80, 'g', 1), (17, 23, 2, '片', 1), (17, 11, 60, 'g', 0),
(18, 4, 140, 'g', 1), (18, 2, 2, '个', 1), (18, 22, 120, 'g', 1), (18, 27, 8, 'ml', 0),
(19, 49, 220, 'g', 1), (19, 4, 120, 'g', 1), (19, 56, 3, 'g', 0), (19, 30, 5, 'g', 0),
(20, 43, 120, 'g', 1), (20, 2, 1, '个', 1), (20, 8, 160, 'g', 1), (20, 26, 1, 'g', 0),
(21, 39, 180, 'g', 1), (21, 9, 150, 'g', 1), (21, 17, 120, 'g', 1), (21, 29, 0.50, '个', 0),
(22, 37, 160, 'g', 1), (22, 47, 160, 'g', 1), (22, 11, 100, 'g', 1), (22, 59, 5, 'ml', 0),
(23, 10, 180, 'g', 1), (23, 8, 160, 'g', 1), (23, 48, 120, 'g', 1), (23, 30, 5, 'g', 0),
(24, 50, 180, 'g', 1), (24, 1, 150, 'g', 1), (24, 2, 1, '个', 1), (24, 27, 6, 'ml', 0),
(25, 55, 180, 'g', 1), (25, 41, 160, 'g', 1), (25, 20, 25, 'g', 0), (25, 31, 40, 'g', 0),
(26, 16, 160, 'g', 1), (26, 4, 120, 'g', 1), (26, 2, 1, '个', 1), (26, 29, 0.50, '个', 0),
(27, 44, 180, 'g', 1), (27, 8, 150, 'g', 1), (27, 1, 120, 'g', 1), (27, 56, 3, 'g', 0),
(28, 45, 100, 'g', 1), (28, 46, 120, 'g', 1), (28, 3, 180, 'g', 1), (28, 17, 180, 'g', 1),
(29, 37, 170, 'g', 1), (29, 14, 100, 'g', 1), (29, 53, 180, 'g', 1), (29, 27, 8, 'ml', 0),
(30, 10, 180, 'g', 1), (30, 3, 150, 'g', 1), (30, 52, 120, 'g', 1), (30, 30, 5, 'g', 0),
(31, 47, 180, 'g', 1), (31, 2, 1, '个', 1), (31, 53, 160, 'g', 1), (31, 26, 1, 'g', 0),
(32, 10, 180, 'g', 1), (32, 8, 160, 'g', 1), (32, 3, 180, 'g', 1), (32, 27, 8, 'ml', 0),
(33, 44, 150, 'g', 1), (33, 38, 150, 'g', 1), (33, 17, 180, 'g', 1), (33, 57, 3, 'g', 0),
(34, 48, 120, 'g', 1), (34, 12, 120, 'g', 1), (34, 2, 1, '个', 1), (34, 21, 110, 'g', 1),
(35, 46, 120, 'g', 1), (35, 8, 150, 'g', 1), (35, 1, 150, 'g', 1), (35, 17, 160, 'g', 1),
(36, 31, 100, 'g', 1), (36, 2, 1, '个', 1), (36, 40, 200, 'ml', 1), (36, 20, 30, 'g', 1),
(37, 3, 200, 'g', 1), (37, 51, 220, 'g', 1), (37, 61, 3, 'g', 0), (37, 9, 100, 'g', 0),
(38, 37, 220, 'g', 1), (38, 53, 180, 'g', 1), (38, 9, 120, 'g', 1), (38, 27, 8, 'ml', 0),
(39, 4, 150, 'g', 1), (39, 33, 80, 'g', 1), (39, 52, 120, 'g', 1), (39, 29, 0.50, '个', 0),
(40, 38, 180, 'g', 1), (40, 2, 2, '个', 1), (40, 17, 140, 'g', 1), (40, 12, 100, 'g', 0),
(41, 3, 190, 'g', 1), (41, 42, 100, 'g', 1), (41, 19, 120, 'g', 1), (41, 25, 2, 'g', 0),
(42, 1, 180, 'g', 1), (42, 41, 80, 'g', 1), (42, 24, 1, '张', 1), (42, 11, 80, 'g', 0),
(43, 39, 200, 'g', 1), (43, 51, 220, 'g', 1), (43, 9, 120, 'g', 1), (43, 25, 2, 'g', 0),
(44, 3, 180, 'g', 1), (44, 2, 2, '个', 1), (44, 53, 180, 'g', 1), (44, 27, 8, 'ml', 0),
(45, 4, 150, 'g', 1), (45, 8, 180, 'g', 1), (45, 17, 180, 'g', 1), (45, 30, 5, 'g', 0);

